<?xml version="1.0" encoding="UTF-8"?>
<!-- job list for ds-sim@MQ, 6-Mar, 2020 @ MQ -->
<jobs>
	<type name="instant" minRunTime="1" maxRunTime="30" populationRate="10" />
	<type name="short" minRunTime="11" maxRunTime="180" populationRate="20" />
	<type name="medium" minRunTime="301" maxRunTime="900" populationRate="30" />
	<type name="long" minRunTime="1801" maxRunTime="43200" populationRate="30" />
	<type name="perminent" minRunTime="3601" maxRunTime="1000000" populationRate="10" />
	<job id="0" type="short" submitTime="40" estRunTime="27" cores="8" memory="1900" disk="7800" />
	<job id="1" type="perminent" submitTime="42" estRunTime="1220703" cores="6" memory="1700" disk="11700" />
	<job id="2" type="short" submitTime="54" estRunTime="17" cores="5" memory="4000" disk="7900" />
	<job id="3" type="perminent" submitTime="84" estRunTime="492293" cores="15" memory="16900" disk="48000" />
	<job id="4" type="long" submitTime="106" estRunTime="16961" cores="2" memory="2100" disk="3200" />
	<job id="5" type="short" submitTime="130" estRunTime="250" cores="4" memory="1900" disk="4500" />
	<job id="6" type="perminent" submitTime="135" estRunTime="328367" cores="1" memory="900" disk="1700" />
	<job id="7" type="perminent" submitTime="142" estRunTime="444242" cores="11" memory="17400" disk="27100" />
	<job id="8" type="instant" submitTime="149" estRunTime="4" cores="12" memory="16600" disk="42000" />
	<job id="9" type="long" submitTime="155" estRunTime="31248" cores="1" memory="600" disk="1100" />
	<job id="10" type="long" submitTime="161" estRunTime="23850" cores="7" memory="1200" disk="3000" />
	<job id="11" type="medium" submitTime="166" estRunTime="821" cores="16" memory="13600" disk="14400" />
	<job id="12" type="medium" submitTime="170" estRunTime="1405" cores="1" memory="400" disk="1800" />
	<job id="13" type="long" submitTime="176" estRunTime="11308" cores="15" memory="14400" disk="58500" />
	<job id="14" type="long" submitTime="180" estRunTime="10571" cores="9" memory="9000" disk="8600" />
	<job id="15" type="perminent" submitTime="184" estRunTime="1010317" cores="14" memory="13000" disk="37700" />
	<job id="16" type="long" submitTime="188" estRunTime="10519" cores="16" memory="6400" disk="24300" />
	<job id="17" type="perminent" submitTime="197" estRunTime="1918409" cores="1" memory="700" disk="400" />
	<job id="18" type="long" submitTime="201" estRunTime="5324" cores="9" memory="6300" disk="10500" />
	<job id="19" type="long" submitTime="204" estRunTime="23280" cores="15" memory="3400" disk="56600" />
	<job id="20" type="instant" submitTime="213" estRunTime="2" cores="12" memory="24400" disk="25800" />
	<job id="21" type="medium" submitTime="215" estRunTime="158" cores="12" memory="12900" disk="17100" />
	<job id="22" type="short" submitTime="216" estRunTime="93" cores="1" memory="400" disk="400" />
	<job id="23" type="perminent" submitTime="218" estRunTime="1075278" cores="12" memory="19600" disk="9900" />
	<job id="24" type="long" submitTime="221" estRunTime="39572" cores="15" memory="26700" disk="13500" />
	<job id="25" type="long" submitTime="225" estRunTime="16643" cores="3" memory="1800" disk="6100" />
	<job id="26" type="long" submitTime="228" estRunTime="9185" cores="4" memory="4100" disk="5000" />
	<job id="27" type="medium" submitTime="236" estRunTime="58" cores="1" memory="100" disk="1100" />
	<job id="28" type="long" submitTime="245" estRunTime="8446" cores="9" memory="7800" disk="2300" />
	<job id="29" type="medium" submitTime="254" estRunTime="12" cores="1" memory="600" disk="1300" />
	<job id="30" type="long" submitTime="279" estRunTime="2533" cores="1" memory="1000" disk="1400" />
	<job id="31" type="short" submitTime="300" estRunTime="36" cores="1" memory="700" disk="1200" />
	<job id="32" type="long" submitTime="333" estRunTime="4532" cores="15" memory="24800" disk="36400" />
	<job id="33" type="short" submitTime="343" estRunTime="28" cores="2" memory="1900" disk="2600" />
	<job id="34" type="perminent" submitTime="385" estRunTime="961148" cores="6" memory="2500" disk="8500" />
	<job id="35" type="long" submitTime="410" estRunTime="19069" cores="16" memory="13300" disk="4700" />
	<job id="36" type="long" submitTime="427" estRunTime="10149" cores="9" memory="5600" disk="15400" />
	<job id="37" type="long" submitTime="438" estRunTime="24803" cores="9" memory="5800" disk="18000" />
	<job id="38" type="short" submitTime="489" estRunTime="172" cores="2" memory="1600" disk="4000" />
	<job id="39" type="long" submitTime="513" estRunTime="7966" cores="16" memory="31700" disk="49200" />
	<job id="40" type="short" submitTime="530" estRunTime="19" cores="1" memory="600" disk="700" />
	<job id="41" type="long" submitTime="593" estRunTime="16918" cores="4" memory="800" disk="1200" />
	<job id="42" type="medium" submitTime="634" estRunTime="415" cores="1" memory="400" disk="900" />
	<job id="43" type="perminent" submitTime="720" estRunTime="437645" cores="16" memory="25600" disk="7200" />
	<job id="44" type="long" submitTime="780" estRunTime="63655" cores="7" memory="3000" disk="3100" />
	<job id="45" type="medium" submitTime="842" estRunTime="837" cores="2" memory="1300" disk="200" />
	<job id="46" type="perminent" submitTime="884" estRunTime="758710" cores="1" memory="900" disk="800" />
	<job id="47" type="short" submitTime="990" estRunTime="43" cores="1" memory="100" disk="1400" />
	<job id="48" type="long" submitTime="1016" estRunTime="56893" cores="1" memory="900" disk="700" />
	<job id="49" type="long" submitTime="1115" estRunTime="791" cores="5" memory="5000" disk="7900" />
	<job id="50" type="short" submitTime="1124" estRunTime="106" cores="1" memory="1000" disk="1100" />
	<job id="51" type="long" submitTime="1233" estRunTime="17846" cores="2" memory="300" disk="2800" />
	<job id="52" type="medium" submitTime="1268" estRunTime="1080" cores="1" memory="800" disk="800" />
	<job id="53" type="short" submitTime="1355" estRunTime="198" cores="2" memory="1100" disk="4000" />
	<job id="54" type="medium" submitTime="1441" estRunTime="1285" cores="1" memory="100" disk="1600" />
	<job id="55" type="short" submitTime="1567" estRunTime="54" cores="1" memory="100" disk="900" />
	<job id="56" type="medium" submitTime="1606" estRunTime="86" cores="2" memory="1500" disk="1600" />
	<job id="57" type="long" submitTime="1695" estRunTime="5667" cores="1" memory="1000" disk="1000" />
	<job id="58" type="long" submitTime="1807" estRunTime="9696" cores="15" memory="11200" disk="43500" />
	<job id="59" type="perminent" submitTime="1854" estRunTime="766616" cores="1" memory="200" disk="1700" />
	<job id="60" type="perminent" submitTime="1936" estRunTime="22212" cores="1" memory="200" disk="200" />
	<job id="61" type="long" submitTime="2068" estRunTime="29565" cores="5" memory="1000" disk="7100" />
	<job id="62" type="long" submitTime="2228" estRunTime="60194" cores="3" memory="2400" disk="500" />
	<job id="63" type="long" submitTime="2307" estRunTime="69307" cores="1" memory="900" disk="1300" />
	<job id="64" type="medium" submitTime="2357" estRunTime="1316" cores="1" memory="300" disk="500" />
	<job id="65" type="long" submitTime="2455" estRunTime="59105" cores="10" memory="5000" disk="18300" />
	<job id="66" type="long" submitTime="2527" estRunTime="59053" cores="13" memory="22100" disk="47000" />
	<job id="67" type="instant" submitTime="2545" estRunTime="1" cores="2" memory="1800" disk="200" />
	<job id="68" type="long" submitTime="2722" estRunTime="11199" cores="1" memory="700" disk="200" />
	<job id="69" type="perminent" submitTime="2867" estRunTime="144103" cores="16" memory="8800" disk="33700" />
	<job id="70" type="medium" submitTime="3070" estRunTime="333" cores="1" memory="1000" disk="200" />
	<job id="71" type="long" submitTime="3220" estRunTime="69936" cores="2" memory="2100" disk="400" />
	<job id="72" type="instant" submitTime="3312" estRunTime="17" cores="1" memory="900" disk="400" />
	<job id="73" type="long" submitTime="3314" estRunTime="34687" cores="9" memory="1700" disk="4500" />
	<job id="74" type="instant" submitTime="3354" estRunTime="6" cores="1" memory="1000" disk="900" />
	<job id="75" type="long" submitTime="3445" estRunTime="22150" cores="10" memory="12100" disk="8600" />
	<job id="76" type="long" submitTime="3506" estRunTime="24664" cores="9" memory="1900" disk="2100" />
	<job id="77" type="medium" submitTime="3589" estRunTime="359" cores="2" memory="900" disk="300" />
	<job id="78" type="long" submitTime="3657" estRunTime="54248" cores="1" memory="100" disk="800" />
	<job id="79" type="medium" submitTime="3741" estRunTime="1092" cores="1" memory="600" disk="700" />
	<job id="80" type="instant" submitTime="3848" estRunTime="3" cores="1" memory="300" disk="300" />
	<job id="81" type="perminent" submitTime="4108" estRunTime="543198" cores="11" memory="1400" disk="43400" />
	<job id="82" type="medium" submitTime="4177" estRunTime="804" cores="1" memory="400" disk="900" />
	<job id="83" type="long" submitTime="4178" estRunTime="47819" cores="16" memory="25800" disk="25500" />
	<job id="84" type="long" submitTime="4434" estRunTime="4900" cores="10" memory="11100" disk="21400" />
	<job id="85" type="long" submitTime="4562" estRunTime="17684" cores="16" memory="10000" disk="57200" />
	<job id="86" type="short" submitTime="4846" estRunTime="108" cores="1" memory="400" disk="1800" />
	<job id="87" type="medium" submitTime="5129" estRunTime="798" cores="1" memory="400" disk="100" />
	<job id="88" type="long" submitTime="5242" estRunTime="39763" cores="11" memory="8700" disk="29600" />
	<job id="89" type="long" submitTime="5382" estRunTime="46889" cores="16" memory="17900" disk="29700" />
	<job id="90" type="long" submitTime="5581" estRunTime="42900" cores="8" memory="1800" disk="3700" />
	<job id="91" type="instant" submitTime="5844" estRunTime="30" cores="1" memory="600" disk="2000" />
	<job id="92" type="medium" submitTime="5922" estRunTime="423" cores="1" memory="800" disk="600" />
	<job id="93" type="long" submitTime="6088" estRunTime="16595" cores="6" memory="6300" disk="4200" />
	<job id="94" type="long" submitTime="6312" estRunTime="7908" cores="1" memory="1000" disk="1100" />
	<job id="95" type="perminent" submitTime="6391" estRunTime="900036" cores="14" memory="23800" disk="4100" />
	<job id="96" type="short" submitTime="6534" estRunTime="37" cores="1" memory="600" disk="400" />
	<job id="97" type="medium" submitTime="6756" estRunTime="41" cores="2" memory="1400" disk="2900" />
	<job id="98" type="short" submitTime="6965" estRunTime="33" cores="1" memory="900" disk="1400" />
	<job id="99" type="medium" submitTime="7044" estRunTime="1491" cores="1" memory="100" disk="600" />
	<job id="100" type="long" submitTime="7050" estRunTime="34210" cores="6" memory="2000" disk="700" />
	<job id="101" type="perminent" submitTime="7177" estRunTime="956741" cores="1" memory="1000" disk="200" />
	<job id="102" type="long" submitTime="7380" estRunTime="71686" cores="16" memory="7900" disk="38800" />
	<job id="103" type="long" submitTime="7763" estRunTime="1838" cores="6" memory="1900" disk="5300" />
	<job id="104" type="instant" submitTime="7865" estRunTime="7" cores="2" memory="600" disk="3600" />
	<job id="105" type="long" submitTime="8090" estRunTime="48686" cores="12" memory="5300" disk="45200" />
	<job id="106" type="long" submitTime="8260" estRunTime="3921" cores="1" memory="400" disk="1700" />
	<job id="107" type="short" submitTime="8481" estRunTime="61" cores="1" memory="200" disk="1300" />
	<job id="108" type="medium" submitTime="8677" estRunTime="86" cores="1" memory="700" disk="300" />
	<job id="109" type="medium" submitTime="8815" estRunTime="326" cores="1" memory="500" disk="1600" />
	<job id="110" type="medium" submitTime="8847" estRunTime="212" cores="1" memory="600" disk="1600" />
	<job id="111" type="medium" submitTime="9200" estRunTime="712" cores="1" memory="400" disk="1700" />
	<job id="112" type="perminent" submitTime="9533" estRunTime="244933" cores="6" memory="1700" disk="10800" />
	<job id="113" type="long" submitTime="9957" estRunTime="1979" cores="15" memory="28300" disk="44300" />
	<job id="114" type="instant" submitTime="10003" estRunTime="24" cores="2" memory="200" disk="1400" />
	<job id="115" type="medium" submitTime="10164" estRunTime="400" cores="2" memory="1200" disk="1900" />
	<job id="116" type="medium" submitTime="10331" estRunTime="1335" cores="1" memory="1000" disk="600" />
	<job id="117" type="long" submitTime="10360" estRunTime="38780" cores="11" memory="5600" disk="19000" />
	<job id="118" type="instant" submitTime="10580" estRunTime="24" cores="2" memory="2100" disk="300" />
	<job id="119" type="medium" submitTime="10929" estRunTime="315" cores="2" memory="1700" disk="2600" />
	<job id="120" type="short" submitTime="11352" estRunTime="22" cores="2" memory="300" disk="3400" />
	<job id="121" type="long" submitTime="11559" estRunTime="76462" cores="9" memory="9800" disk="1500" />
	<job id="122" type="long" submitTime="11883" estRunTime="13543" cores="16" memory="11000" disk="47300" />
	<job id="123" type="short" submitTime="11906" estRunTime="9" cores="1" memory="600" disk="700" />
	<job id="124" type="medium" submitTime="12272" estRunTime="656" cores="1" memory="100" disk="300" />
	<job id="125" type="short" submitTime="12671" estRunTime="46" cores="2" memory="1300" disk="400" />
	<job id="126" type="short" submitTime="13018" estRunTime="72" cores="1" memory="600" disk="1800" />
	<job id="127" type="short" submitTime="13216" estRunTime="31" cores="1" memory="900" disk="1300" />
	<job id="128" type="short" submitTime="13487" estRunTime="34" cores="2" memory="600" disk="3700" />
	<job id="129" type="perminent" submitTime="13528" estRunTime="940280" cores="16" memory="6400" disk="38600" />
	<job id="130" type="medium" submitTime="13775" estRunTime="850" cores="1" memory="900" disk="700" />
	<job id="131" type="long" submitTime="14292" estRunTime="12038" cores="2" memory="1300" disk="700" />
	<job id="132" type="long" submitTime="14451" estRunTime="23039" cores="16" memory="16100" disk="59400" />
	<job id="133" type="long" submitTime="14759" estRunTime="7004" cores="8" memory="6000" disk="6300" />
	<job id="134" type="short" submitTime="15009" estRunTime="91" cores="2" memory="1600" disk="3800" />
	<job id="135" type="short" submitTime="15233" estRunTime="276" cores="1" memory="800" disk="1900" />
	<job id="136" type="short" submitTime="15522" estRunTime="139" cores="2" memory="1700" disk="900" />
	<job id="137" type="medium" submitTime="15992" estRunTime="115" cores="1" memory="900" disk="1300" />
	<job id="138" type="perminent" submitTime="16124" estRunTime="691930" cores="5" memory="4400" disk="7500" />
	<job id="139" type="medium" submitTime="16424" estRunTime="454" cores="1" memory="200" disk="500" />
	<job id="140" type="long" submitTime="16577" estRunTime="40082" cores="1" memory="200" disk="2000" />
	<job id="141" type="medium" submitTime="16632" estRunTime="1188" cores="1" memory="400" disk="1700" />
	<job id="142" type="perminent" submitTime="16865" estRunTime="894576" cores="10" memory="17300" disk="35700" />
	<job id="143" type="short" submitTime="16942" estRunTime="19" cores="2" memory="1000" disk="3500" />
	<job id="144" type="long" submitTime="17453" estRunTime="64870" cores="2" memory="1500" disk="1000" />
	<job id="145" type="long" submitTime="17656" estRunTime="14461" cores="1" memory="700" disk="1900" />
	<job id="146" type="perminent" submitTime="18243" estRunTime="312858" cores="1" memory="600" disk="600" />
	<job id="147" type="instant" submitTime="18837" estRunTime="12" cores="2" memory="700" disk="2900" />
	<job id="148" type="short" submitTime="19005" estRunTime="80" cores="1" memory="700" disk="1800" />
	<job id="149" type="instant" submitTime="19623" estRunTime="1" cores="1" memory="100" disk="900" />
	<job id="150" type="short" submitTime="20209" estRunTime="20" cores="1" memory="900" disk="1700" />
	<job id="151" type="instant" submitTime="20774" estRunTime="15" cores="2" memory="1400" disk="600" />
	<job id="152" type="medium" submitTime="21059" estRunTime="95" cores="1" memory="900" disk="700" />
	<job id="153" type="short" submitTime="21432" estRunTime="108" cores="1" memory="1000" disk="900" />
	<job id="154" type="long" submitTime="21818" estRunTime="3236" cores="7" memory="3100" disk="13600" />
	<job id="155" type="long" submitTime="21927" estRunTime="45133" cores="2" memory="1000" disk="3900" />
	<job id="156" type="long" submitTime="22137" estRunTime="5840" cores="3" memory="1800" disk="3900" />
	<job id="157" type="short" submitTime="22782" estRunTime="127" cores="1" memory="800" disk="900" />
	<job id="158" type="medium" submitTime="22982" estRunTime="653" cores="2" memory="1500" disk="1800" />
	<job id="159" type="long" submitTime="23012" estRunTime="30708" cores="7" memory="4600" disk="11800" />
	<job id="160" type="medium" submitTime="23090" estRunTime="116" cores="1" memory="800" disk="500" />
	<job id="161" type="medium" submitTime="23648" estRunTime="422" cores="2" memory="1100" disk="3100" />
	<job id="162" type="medium" submitTime="23697" estRunTime="6" cores="2" memory="700" disk="2200" />
	<job id="163" type="short" submitTime="24312" estRunTime="91" cores="2" memory="2100" disk="3900" />
	<job id="164" type="long" submitTime="24939" estRunTime="5290" cores="2" memory="600" disk="2700" />
	<job id="165" type="instant" submitTime="25232" estRunTime="2" cores="2" memory="1000" disk="2200" />
	<job id="166" type="perminent" submitTime="25425" estRunTime="296851" cores="9" memory="9700" disk="900" />
	<job id="167" type="long" submitTime="25476" estRunTime="17230" cores="13" memory="16800" disk="11100" />
	<job id="168" type="perminent" submitTime="25752" estRunTime="1103491" cores="2" memory="2000" disk="2800" />
	<job id="169" type="long" submitTime="25798" estRunTime="13020" cores="1" memory="800" disk="200" />
	<job id="170" type="medium" submitTime="25983" estRunTime="761" cores="2" memory="500" disk="2400" />
	<job id="171" type="long" submitTime="26619" estRunTime="9911" cores="11" memory="11600" disk="16800" />
	<job id="172" type="long" submitTime="26762" estRunTime="57052" cores="8" memory="1900" disk="3100" />
	<job id="173" type="medium" submitTime="27046" estRunTime="5" cores="2" memory="1500" disk="3800" />
	<job id="174" type="short" submitTime="27414" estRunTime="43" cores="1" memory="400" disk="1300" />
	<job id="175" type="short" submitTime="27768" estRunTime="140" cores="1" memory="700" disk="700" />
	<job id="176" type="instant" submitTime="27772" estRunTime="15" cores="1" memory="300" disk="1100" />
	<job id="177" type="medium" submitTime="27993" estRunTime="759" cores="1" memory="200" disk="1000" />
	<job id="178" type="long" submitTime="28376" estRunTime="1479" cores="6" memory="3700" disk="10200" />
	<job id="179" type="medium" submitTime="28894" estRunTime="506" cores="1" memory="1000" disk="1700" />
	<job id="180" type="medium" submitTime="29145" estRunTime="1023" cores="1" memory="200" disk="700" />
	<job id="181" type="long" submitTime="29468" estRunTime="29260" cores="3" memory="2500" disk="2300" />
	<job id="182" type="short" submitTime="29578" estRunTime="310" cores="2" memory="700" disk="3100" />
	<job id="183" type="perminent" submitTime="29832" estRunTime="286865" cores="16" memory="7600" disk="6000" />
	<job id="184" type="long" submitTime="30028" estRunTime="12757" cores="10" memory="4900" disk="10200" />
	<job id="185" type="medium" submitTime="30189" estRunTime="895" cores="2" memory="600" disk="3000" />
	<job id="186" type="medium" submitTime="30740" estRunTime="743" cores="1" memory="400" disk="1700" />
	<job id="187" type="medium" submitTime="30917" estRunTime="630" cores="1" memory="300" disk="1300" />
	<job id="188" type="medium" submitTime="31111" estRunTime="199" cores="2" memory="1000" disk="1600" />
	<job id="189" type="medium" submitTime="31446" estRunTime="291" cores="1" memory="500" disk="1200" />
	<job id="190" type="long" submitTime="32197" estRunTime="37264" cores="11" memory="9500" disk="39100" />
	<job id="191" type="medium" submitTime="32727" estRunTime="701" cores="1" memory="400" disk="1700" />
	<job id="192" type="perminent" submitTime="33172" estRunTime="177557" cores="16" memory="15200" disk="29400" />
	<job id="193" type="instant" submitTime="33906" estRunTime="34" cores="1" memory="100" disk="800" />
	<job id="194" type="short" submitTime="34080" estRunTime="36" cores="1" memory="1000" disk="1800" />
	<job id="195" type="perminent" submitTime="34915" estRunTime="472098" cores="10" memory="20700" disk="29300" />
	<job id="196" type="perminent" submitTime="35316" estRunTime="251325" cores="2" memory="1600" disk="1000" />
	<job id="197" type="long" submitTime="35913" estRunTime="1393" cores="10" memory="16100" disk="35500" />
	<job id="198" type="medium" submitTime="35920" estRunTime="656" cores="2" memory="1800" disk="2400" />
	<job id="199" type="short" submitTime="36192" estRunTime="166" cores="1" memory="1000" disk="500" />
	<job id="200" type="perminent" submitTime="36708" estRunTime="10161" cores="5" memory="700" disk="9400" />
	<job id="201" type="medium" submitTime="37496" estRunTime="311" cores="1" memory="300" disk="1600" />
	<job id="202" type="long" submitTime="38157" estRunTime="30888" cores="15" memory="17400" disk="58700" />
	<job id="203" type="instant" submitTime="38669" estRunTime="30" cores="2" memory="2000" disk="3400" />
	<job id="204" type="medium" submitTime="38690" estRunTime="508" cores="1" memory="300" disk="700" />
	<job id="205" type="medium" submitTime="38887" estRunTime="377" cores="2" memory="1000" disk="800" />
	<job id="206" type="medium" submitTime="38892" estRunTime="293" cores="1" memory="500" disk="2000" />
	<job id="207" type="medium" submitTime="38942" estRunTime="14" cores="1" memory="100" disk="2000" />
	<job id="208" type="medium" submitTime="39666" estRunTime="813" cores="2" memory="2100" disk="3200" />
	<job id="209" type="short" submitTime="40375" estRunTime="60" cores="2" memory="400" disk="900" />
	<job id="210" type="long" submitTime="40877" estRunTime="47114" cores="1" memory="400" disk="1400" />
	<job id="211" type="short" submitTime="41368" estRunTime="44" cores="1" memory="200" disk="1100" />
	<job id="212" type="short" submitTime="41724" estRunTime="152" cores="1" memory="700" disk="600" />
	<job id="213" type="long" submitTime="42523" estRunTime="22378" cores="16" memory="10900" disk="21200" />
	<job id="214" type="long" submitTime="43421" estRunTime="23955" cores="11" memory="12600" disk="3300" />
	<job id="215" type="long" submitTime="43687" estRunTime="41303" cores="1" memory="900" disk="300" />
	<job id="216" type="medium" submitTime="44299" estRunTime="211" cores="1" memory="700" disk="1000" />
	<job id="217" type="medium" submitTime="45004" estRunTime="215" cores="1" memory="1000" disk="1100" />
	<job id="218" type="short" submitTime="45797" estRunTime="170" cores="1" memory="300" disk="1900" />
	<job id="219" type="long" submitTime="46449" estRunTime="48783" cores="5" memory="3400" disk="7900" />
	<job id="220" type="medium" submitTime="46717" estRunTime="681" cores="1" memory="100" disk="2000" />
	<job id="221" type="medium" submitTime="47571" estRunTime="251" cores="1" memory="1000" disk="1900" />
	<job id="222" type="perminent" submitTime="48238" estRunTime="1854744" cores="11" memory="12200" disk="41800" />
	<job id="223" type="long" submitTime="48886" estRunTime="37217" cores="11" memory="7300" disk="13100" />
	<job id="224" type="medium" submitTime="49196" estRunTime="171" cores="1" memory="1000" disk="600" />
	<job id="225" type="long" submitTime="49320" estRunTime="30370" cores="1" memory="100" disk="2000" />
	<job id="226" type="short" submitTime="49388" estRunTime="179" cores="1" memory="100" disk="1500" />
	<job id="227" type="medium" submitTime="49595" estRunTime="812" cores="2" memory="2100" disk="600" />
	<job id="228" type="long" submitTime="50586" estRunTime="39851" cores="1" memory="800" disk="1700" />
	<job id="229" type="long" submitTime="51042" estRunTime="2531" cores="5" memory="3900" disk="6800" />
	<job id="230" type="medium" submitTime="51168" estRunTime="186" cores="1" memory="500" disk="1600" />
	<job id="231" type="short" submitTime="51425" estRunTime="189" cores="2" memory="400" disk="1900" />
	<job id="232" type="medium" submitTime="52068" estRunTime="1245" cores="1" memory="1000" disk="800" />
	<job id="233" type="short" submitTime="52360" estRunTime="88" cores="2" memory="1600" disk="2300" />
	<job id="234" type="medium" submitTime="52717" estRunTime="416" cores="1" memory="600" disk="2000" />
	<job id="235" type="medium" submitTime="53095" estRunTime="335" cores="1" memory="300" disk="600" />
	<job id="236" type="perminent" submitTime="53996" estRunTime="196923" cores="1" memory="400" disk="400" />
	<job id="237" type="long" submitTime="54640" estRunTime="14824" cores="1" memory="300" disk="1300" />
	<job id="238" type="short" submitTime="55368" estRunTime="141" cores="1" memory="200" disk="1800" />
	<job id="239" type="medium" submitTime="56261" estRunTime="510" cores="1" memory="400" disk="100" />
	<job id="240" type="long" submitTime="56636" estRunTime="7563" cores="3" memory="600" disk="4800" />
	<job id="241" type="medium" submitTime="57296" estRunTime="75" cores="1" memory="600" disk="2000" />
	<job id="242" type="long" submitTime="57453" estRunTime="18059" cores="1" memory="700" disk="1200" />
	<job id="243" type="short" submitTime="57470" estRunTime="86" cores="1" memory="300" disk="100" />
	<job id="244" type="long" submitTime="58147" estRunTime="42535" cores="3" memory="1000" disk="3100" />
	<job id="245" type="short" submitTime="59010" estRunTime="288" cores="2" memory="1500" disk="4100" />
	<job id="246" type="medium" submitTime="59447" estRunTime="897" cores="2" memory="1800" disk="1700" />
	<job id="247" type="long" submitTime="60256" estRunTime="15397" cores="1" memory="500" disk="500" />
	<job id="248" type="long" submitTime="60569" estRunTime="3631" cores="1" memory="600" disk="200" />
	<job id="249" type="long" submitTime="60626" estRunTime="60825" cores="14" memory="15000" disk="14900" />
	<job id="250" type="instant" submitTime="61242" estRunTime="1" cores="2" memory="1300" disk="700" />
	<job id="251" type="perminent" submitTime="62282" estRunTime="149101" cores="9" memory="1800" disk="5800" />
	<job id="252" type="long" submitTime="62755" estRunTime="13460" cores="2" memory="1600" disk="1700" />
	<job id="253" type="instant" submitTime="62776" estRunTime="36" cores="1" memory="600" disk="800" />
	<job id="254" type="long" submitTime="63791" estRunTime="11734" cores="16" memory="16500" disk="59300" />
	<job id="255" type="medium" submitTime="64722" estRunTime="1511" cores="2" memory="1100" disk="200" />
	<job id="256" type="medium" submitTime="65289" estRunTime="459" cores="1" memory="500" disk="2000" />
	<job id="257" type="medium" submitTime="66027" estRunTime="686" cores="2" memory="900" disk="1500" />
	<job id="258" type="medium" submitTime="66370" estRunTime="1197" cores="1" memory="100" disk="1400" />
	<job id="259" type="long" submitTime="66604" estRunTime="25989" cores="2" memory="400" disk="1200" />
	<job id="260" type="long" submitTime="67027" estRunTime="5794" cores="7" memory="4700" disk="7300" />
	<job id="261" type="long" submitTime="67738" estRunTime="6495" cores="1" memory="900" disk="300" />
	<job id="262" type="long" submitTime="68595" estRunTime="26263" cores="10" memory="8600" disk="2400" />
	<job id="263" type="short" submitTime="68853" estRunTime="41" cores="1" memory="500" disk="2000" />
	<job id="264" type="long" submitTime="69090" estRunTime="71363" cores="3" memory="2000" disk="3100" />
	<job id="265" type="medium" submitTime="70058" estRunTime="672" cores="1" memory="300" disk="1500" />
	<job id="266" type="short" submitTime="70410" estRunTime="49" cores="1" memory="400" disk="1800" />
	<job id="267" type="long" submitTime="70585" estRunTime="1630" cores="5" memory="3900" disk="9700" />
	<job id="268" type="long" submitTime="71171" estRunTime="38460" cores="16" memory="5100" disk="62700" />
	<job id="269" type="long" submitTime="72232" estRunTime="3233" cores="1" memory="500" disk="1600" />
	<job id="270" type="medium" submitTime="72659" estRunTime="753" cores="1" memory="700" disk="1200" />
	<job id="271" type="medium" submitTime="73062" estRunTime="258" cores="1" memory="400" disk="1300" />
	<job id="272" type="short" submitTime="73426" estRunTime="119" cores="1" memory="100" disk="100" />
	<job id="273" type="instant" submitTime="74161" estRunTime="24" cores="1" memory="400" disk="1600" />
	<job id="274" type="long" submitTime="74801" estRunTime="48157" cores="4" memory="3600" disk="1800" />
	<job id="275" type="long" submitTime="75649" estRunTime="3723" cores="4" memory="2000" disk="8200" />
	<job id="276" type="short" submitTime="76729" estRunTime="71" cores="1" memory="900" disk="900" />
	<job id="277" type="short" submitTime="77582" estRunTime="124" cores="2" memory="2100" disk="2500" />
	<job id="278" type="short" submitTime="77838" estRunTime="159" cores="1" memory="100" disk="2000" />
	<job id="279" type="short" submitTime="78683" estRunTime="74" cores="1" memory="500" disk="400" />
	<job id="280" type="perminent" submitTime="79127" estRunTime="292507" cores="14" memory="5600" disk="34900" />
	<job id="281" type="instant" submitTime="79568" estRunTime="1" cores="1" memory="300" disk="900" />
	<job id="282" type="medium" submitTime="79670" estRunTime="351" cores="2" memory="1900" disk="2400" />
	<job id="283" type="long" submitTime="80910" estRunTime="3521" cores="5" memory="1900" disk="6500" />
	<job id="284" type="short" submitTime="81611" estRunTime="138" cores="1" memory="200" disk="200" />
	<job id="285" type="medium" submitTime="81628" estRunTime="75" cores="1" memory="900" disk="2000" />
	<job id="286" type="medium" submitTime="82802" estRunTime="363" cores="1" memory="600" disk="400" />
	<job id="287" type="long" submitTime="83812" estRunTime="5716" cores="12" memory="2500" disk="21600" />
	<job id="288" type="medium" submitTime="83884" estRunTime="501" cores="1" memory="800" disk="1400" />
	<job id="289" type="instant" submitTime="84613" estRunTime="15" cores="1" memory="400" disk="1100" />
	<job id="290" type="medium" submitTime="84984" estRunTime="993" cores="1" memory="300" disk="1000" />
	<job id="291" type="medium" submitTime="85361" estRunTime="1028" cores="1" memory="900" disk="1000" />
	<job id="292" type="medium" submitTime="85940" estRunTime="1549" cores="2" memory="800" disk="1300" />
	<job id="293" type="long" submitTime="86767" estRunTime="3064" cores="1" memory="100" disk="400" />
	<job id="294" type="long" submitTime="87572" estRunTime="61514" cores="4" memory="2900" disk="3100" />
	<job id="295" type="medium" submitTime="88838" estRunTime="472" cores="1" memory="400" disk="1600" />
	<job id="296" type="medium" submitTime="89708" estRunTime="328" cores="1" memory="900" disk="1700" />
	<job id="297" type="medium" submitTime="90553" estRunTime="893" cores="1" memory="400" disk="1400" />
	<job id="298" type="short" submitTime="91789" estRunTime="299" cores="1" memory="100" disk="1500" />
	<job id="299" type="long" submitTime="92275" estRunTime="1007" cores="3" memory="1100" disk="400" />
	<job id="300" type="long" submitTime="93466" estRunTime="36860" cores="9" memory="4100" disk="11300" />
	<job id="301" type="long" submitTime="94091" estRunTime="22711" cores="7" memory="5500" disk="9400" />
	<job id="302" type="instant" submitTime="95309" estRunTime="1" cores="2" memory="1100" disk="1900" />
	<job id="303" type="long" submitTime="96204" estRunTime="5858" cores="1" memory="900" disk="500" />
	<job id="304" type="long" submitTime="96567" estRunTime="50583" cores="6" memory="4700" disk="1900" />
	<job id="305" type="medium" submitTime="96873" estRunTime="146" cores="1" memory="1000" disk="1100" />
	<job id="306" type="perminent" submitTime="96913" estRunTime="529386" cores="15" memory="13300" disk="51500" />
	<job id="307" type="medium" submitTime="97285" estRunTime="944" cores="1" memory="900" disk="700" />
	<job id="308" type="medium" submitTime="97303" estRunTime="436" cores="2" memory="2000" disk="200" />
	<job id="309" type="instant" submitTime="97649" estRunTime="21" cores="1" memory="800" disk="500" />
	<job id="310" type="short" submitTime="98265" estRunTime="271" cores="1" memory="100" disk="1500" />
	<job id="311" type="perminent" submitTime="98674" estRunTime="846684" cores="9" memory="6600" disk="1400" />
	<job id="312" type="perminent" submitTime="99806" estRunTime="1096930" cores="1" memory="200" disk="200" />
	<job id="313" type="perminent" submitTime="100384" estRunTime="98387" cores="1" memory="800" disk="300" />
	<job id="314" type="perminent" submitTime="101231" estRunTime="763833" cores="14" memory="18900" disk="7200" />
	<job id="315" type="perminent" submitTime="102492" estRunTime="636811" cores="6" memory="800" disk="8900" />
	<job id="316" type="medium" submitTime="102863" estRunTime="632" cores="2" memory="1800" disk="3100" />
	<job id="317" type="long" submitTime="102925" estRunTime="2665" cores="14" memory="11700" disk="15100" />
	<job id="318" type="long" submitTime="103779" estRunTime="28422" cores="9" memory="7200" disk="1900" />
	<job id="319" type="long" submitTime="105095" estRunTime="4323" cores="10" memory="15600" disk="33700" />
	<job id="320" type="long" submitTime="105569" estRunTime="1916" cores="14" memory="4700" disk="37900" />
	<job id="321" type="long" submitTime="106381" estRunTime="43968" cores="1" memory="400" disk="2000" />
	<job id="322" type="long" submitTime="106803" estRunTime="18772" cores="6" memory="5200" disk="11000" />
	<job id="323" type="perminent" submitTime="107554" estRunTime="39836" cores="10" memory="16000" disk="31800" />
	<job id="324" type="long" submitTime="107798" estRunTime="1412" cores="15" memory="6600" disk="13900" />
	<job id="325" type="medium" submitTime="109227" estRunTime="825" cores="2" memory="300" disk="200" />
	<job id="326" type="instant" submitTime="109823" estRunTime="2" cores="1" memory="800" disk="100" />
	<job id="327" type="medium" submitTime="111048" estRunTime="752" cores="2" memory="600" disk="200" />
	<job id="328" type="perminent" submitTime="111069" estRunTime="52080" cores="16" memory="17100" disk="29300" />
	<job id="329" type="perminent" submitTime="111804" estRunTime="63486" cores="1" memory="300" disk="1300" />
	<job id="330" type="medium" submitTime="112382" estRunTime="1370" cores="1" memory="100" disk="900" />
	<job id="331" type="long" submitTime="112683" estRunTime="12538" cores="1" memory="900" disk="1200" />
	<job id="332" type="medium" submitTime="113383" estRunTime="560" cores="1" memory="1000" disk="1900" />
	<job id="333" type="instant" submitTime="113389" estRunTime="2" cores="2" memory="400" disk="400" />
	<job id="334" type="short" submitTime="113486" estRunTime="43" cores="1" memory="700" disk="100" />
	<job id="335" type="medium" submitTime="114021" estRunTime="1077" cores="1" memory="1000" disk="900" />
	<job id="336" type="medium" submitTime="114350" estRunTime="292" cores="1" memory="400" disk="400" />
	<job id="337" type="medium" submitTime="114936" estRunTime="472" cores="1" memory="900" disk="1600" />
	<job id="338" type="long" submitTime="115602" estRunTime="2975" cores="3" memory="2100" disk="5600" />
	<job id="339" type="medium" submitTime="116320" estRunTime="261" cores="1" memory="500" disk="1200" />
	<job id="340" type="medium" submitTime="117235" estRunTime="1585" cores="1" memory="900" disk="200" />
	<job id="341" type="perminent" submitTime="117633" estRunTime="216544" cores="14" memory="15200" disk="9000" />
	<job id="342" type="instant" submitTime="118047" estRunTime="22" cores="1" memory="300" disk="1300" />
	<job id="343" type="medium" submitTime="118707" estRunTime="54" cores="1" memory="200" disk="1300" />
	<job id="344" type="long" submitTime="119973" estRunTime="28652" cores="1" memory="600" disk="500" />
	<job id="345" type="medium" submitTime="120662" estRunTime="767" cores="1" memory="900" disk="1000" />
	<job id="346" type="short" submitTime="121366" estRunTime="51" cores="1" memory="500" disk="100" />
	<job id="347" type="perminent" submitTime="121748" estRunTime="34789" cores="10" memory="20500" disk="15900" />
	<job id="348" type="long" submitTime="122916" estRunTime="61" cores="12" memory="17900" disk="26600" />
	<job id="349" type="medium" submitTime="124008" estRunTime="721" cores="1" memory="700" disk="1500" />
	<job id="350" type="instant" submitTime="125233" estRunTime="33" cores="2" memory="1100" disk="3700" />
	<job id="351" type="short" submitTime="125592" estRunTime="48" cores="2" memory="1900" disk="3800" />
	<job id="352" type="short" submitTime="127027" estRunTime="146" cores="1" memory="400" disk="1700" />
	<job id="353" type="long" submitTime="128211" estRunTime="73838" cores="15" memory="28000" disk="31900" />
	<job id="354" type="medium" submitTime="128903" estRunTime="227" cores="2" memory="500" disk="500" />
	<job id="355" type="medium" submitTime="129751" estRunTime="578" cores="1" memory="600" disk="900" />
</jobs>
