<?xml version="1.0" encoding="UTF-8"?>
<!-- generated for COMP335@MQ, S1, 2019 -->
<!-- generated by: Y. C. Lee -->
<config randomSeed="1024"> 
  <!-- define server types 
  Min memory per core is 200MB and the total memory capacity should be the min of 1000MB so as min disk per core -->
  
  <servers>
	<server type="elephant" limit="5" bootupTime="200" hourlyRate="3.2" coreCount="64" memory="256000" disk="1024000" />
	<server type="ant" limit="40" bootupTime="5" hourlyRate="0.05" coreCount="1" memory="4000" disk="16000" />
	<server type="dunkey" limit="20" bootupTime="60" hourlyRate="0.4" coreCount="8" memory="32000" disk="256000" />
  </servers>
  <!-- define job types -->
  <!-- the sum of ratio values must be 100 (100%) -->
  <!-- minRunTime and maxRunTime must be 1 or greater bounded by INT_MAX -->
  <jobs>
  	<job type="long" minRunTime="1801" maxRunTime="100000" populationRate="2" />
	<job type="short" minRunTime="11" maxRunTime="300" populationRate="60" />
	<job type="medium" minRunTime="301" maxRunTime="1800" populationRate="38" />
  </jobs>
  <!-- define system load -->
  <!-- attributes: type: workload pattern, minLoad: min load, maxLoad: max load, 
  avgLowTime & avgHighTime: average lightly/heavily loaded period, 
  avgTransitTime: average transition time between low and high (in seconds) -->
  <!-- some other typical cases: moderate (31-60%), heavy (61-90%), overloaded (91%-) and alternating (peaks and valleys) -->
  <!-- alternating load example: type="alternating" minLoad="10" maxLoad="90" avgLowTime="14400" avgTransitTime="10800" avgHighTime="10800" -->
  <!-- transition time will be internally divided into at least three time periods 
  (bounded by 1 hour per divided period) for smooth, realistic transition 
  each load time period must be between one hour and twelve hours (i.e., 3600 - 43200 seconds) -->
  <workload type="strange" minLoad="25" maxLoad="95" />
  <termination>
	<!-- simulation terminates whichever condition meets first -->
	<condition type="endtime" value="100000" />
	<condition type="jobcount" value="3000" />
  </termination>
</config>
