<?xml version="1.0" encoding="UTF-8"?>
<!-- generated for COMP335@MQ, S1, 2019 -->
<!-- generated by: Y. C. Lee -->
<config randomSeed="1024"> 
  <!-- define server types 
  Min memory per core is 200MB and the total memory capacity should be the min of 1000MB so as min disk per core -->
  
  <servers>
	<server type="medium" limit="2" bootupTime="60" hourlyRate="0.4" coreCount="2" memory="16000" disk="64000" />
	<server type="small" limit="2" bootupTime="60" hourlyRate="0.2" coreCount="1" memory="4000" disk="16000" />
  </servers>
  <!-- define job types -->
  <!-- the sum of ratio values must be 100 (100%) -->
  <!-- minRunTime and maxRunTime must be 1 or greater bounded by INT_MAX -->
  <jobs>
	<job type="short" minRunTime="1" maxRunTime="300" populationRate="20" />
	<job type="medium" minRunTime="301" maxRunTime="1800" populationRate="60" />
	<job type="long" minRunTime="1801" maxRunTime="100000" populationRate="20" />
  </jobs>
  <!-- define system load -->
  <!-- attributes: type: workload pattern, minLoad: min load, maxLoad: max load, 
  avgLowTime & avgHighTime: average lightly/heavily loaded period, 
  avgTransitTime: average transition time between low and high (in seconds) -->
  <!-- some other typical cases: moderate (31-60%), heavy (61-90%), overloaded (91%-) and alternating (peaks and valleys) -->
  <!-- alternating load example: type="alternating" minLoad="10" maxLoad="90" avgLowTime="14400" avgTransitTime="10800" avgHighTime="10800" -->
  <!-- transition time will be internally divided into at least three time periods 
  (bounded by 1 hour per divided period) for smooth, realistic transition 
  each load time period must be between one hour and twelve hours (i.e., 3600 - 43200 seconds) -->
  <workload type="heavy" minLoad="60" maxLoad="100" />
  <termination>
	<!-- simulation terminates whichever condition meets first -->
	<!-- 60 seconds * 60 minutes * 24 hours * 30 days = 2592000 seconds -->
	<condition type="endtime" value="2592000" />
	<condition type="jobcount" value="10" />
  </termination>
</config>
