<?xml version="1.0" encoding="UTF-8"?>
<!-- job list for ds-sim@MQ, 6-Mar, 2020 @ MQ -->
<jobs>
	<type name="instant" minRunTime="1" maxRunTime="30" populationRate="15" />
	<type name="short" minRunTime="11" maxRunTime="180" populationRate="40" />
	<type name="medium" minRunTime="301" maxRunTime="900" populationRate="30" />
	<type name="long" minRunTime="1801" maxRunTime="43200" populationRate="10" />
	<type name="perminent" minRunTime="3601" maxRunTime="1000000" populationRate="5" />
	<job id="0" type="short" submitTime="48" estRunTime="14" cores="1" memory="100" disk="500" />
	<job id="1" type="short" submitTime="71" estRunTime="133" cores="3" memory="900" disk="5800" />
	<job id="2" type="medium" submitTime="114" estRunTime="631" cores="5" memory="1200" disk="5400" />
	<job id="3" type="medium" submitTime="147" estRunTime="464" cores="8" memory="2200" disk="8500" />
	<job id="4" type="instant" submitTime="155" estRunTime="18" cores="11" memory="21700" disk="29800" />
	<job id="5" type="short" submitTime="160" estRunTime="276" cores="10" memory="18700" disk="21400" />
	<job id="6" type="short" submitTime="174" estRunTime="36" cores="8" memory="6900" disk="16100" />
	<job id="7" type="instant" submitTime="198" estRunTime="7" cores="1" memory="400" disk="1600" />
	<job id="8" type="instant" submitTime="211" estRunTime="3" cores="7" memory="2600" disk="5000" />
	<job id="9" type="medium" submitTime="220" estRunTime="139" cores="8" memory="2400" disk="9900" />
	<job id="10" type="medium" submitTime="224" estRunTime="1617" cores="12" memory="2400" disk="3100" />
	<job id="11" type="long" submitTime="225" estRunTime="37109" cores="12" memory="16000" disk="23700" />
	<job id="12" type="medium" submitTime="227" estRunTime="284" cores="1" memory="1000" disk="800" />
	<job id="13" type="short" submitTime="233" estRunTime="34" cores="5" memory="3300" disk="1900" />
	<job id="14" type="short" submitTime="236" estRunTime="93" cores="2" memory="600" disk="3900" />
	<job id="15" type="short" submitTime="240" estRunTime="172" cores="8" memory="7000" disk="9500" />
	<job id="16" type="short" submitTime="241" estRunTime="19" cores="6" memory="2800" disk="11600" />
	<job id="17" type="short" submitTime="246" estRunTime="259" cores="12" memory="12300" disk="35500" />
	<job id="18" type="instant" submitTime="249" estRunTime="29" cores="4" memory="1800" disk="5600" />
	<job id="19" type="medium" submitTime="251" estRunTime="419" cores="2" memory="1100" disk="3100" />
	<job id="20" type="instant" submitTime="261" estRunTime="3" cores="16" memory="27300" disk="56200" />
	<job id="21" type="short" submitTime="262" estRunTime="193" cores="5" memory="4300" disk="2900" />
	<job id="22" type="short" submitTime="266" estRunTime="59" cores="2" memory="1900" disk="3500" />
	<job id="23" type="short" submitTime="270" estRunTime="50" cores="8" memory="6200" disk="4900" />
	<job id="24" type="short" submitTime="272" estRunTime="16" cores="4" memory="2400" disk="4500" />
	<job id="25" type="short" submitTime="276" estRunTime="26" cores="1" memory="500" disk="1200" />
	<job id="26" type="instant" submitTime="279" estRunTime="16" cores="8" memory="7800" disk="3000" />
	<job id="27" type="short" submitTime="284" estRunTime="241" cores="12" memory="24000" disk="24700" />
	<job id="28" type="instant" submitTime="285" estRunTime="18" cores="2" memory="300" disk="3000" />
	<job id="29" type="instant" submitTime="292" estRunTime="14" cores="16" memory="3900" disk="22800" />
	<job id="30" type="medium" submitTime="294" estRunTime="167" cores="10" memory="19600" disk="12400" />
	<job id="31" type="long" submitTime="297" estRunTime="17304" cores="10" memory="12300" disk="7000" />
	<job id="32" type="short" submitTime="301" estRunTime="104" cores="1" memory="600" disk="400" />
	<job id="33" type="short" submitTime="311" estRunTime="1" cores="2" memory="300" disk="3400" />
	<job id="34" type="medium" submitTime="315" estRunTime="747" cores="12" memory="12000" disk="45800" />
	<job id="35" type="perminent" submitTime="319" estRunTime="225977" cores="3" memory="1000" disk="5400" />
	<job id="36" type="short" submitTime="320" estRunTime="81" cores="2" memory="1500" disk="1400" />
	<job id="37" type="short" submitTime="324" estRunTime="80" cores="9" memory="2600" disk="15100" />
	<job id="38" type="short" submitTime="326" estRunTime="132" cores="2" memory="1500" disk="900" />
	<job id="39" type="instant" submitTime="331" estRunTime="17" cores="7" memory="5100" disk="3700" />
	<job id="40" type="short" submitTime="334" estRunTime="116" cores="12" memory="25000" disk="48100" />
	<job id="41" type="short" submitTime="339" estRunTime="287" cores="7" memory="6300" disk="3800" />
	<job id="42" type="long" submitTime="341" estRunTime="28503" cores="1" memory="700" disk="300" />
	<job id="43" type="short" submitTime="344" estRunTime="60" cores="10" memory="9700" disk="10300" />
	<job id="44" type="short" submitTime="349" estRunTime="24" cores="5" memory="700" disk="2800" />
	<job id="45" type="short" submitTime="354" estRunTime="10" cores="16" memory="30600" disk="33600" />
	<job id="46" type="short" submitTime="357" estRunTime="20" cores="1" memory="700" disk="800" />
	<job id="47" type="medium" submitTime="364" estRunTime="506" cores="1" memory="700" disk="1900" />
	<job id="48" type="short" submitTime="374" estRunTime="197" cores="1" memory="1000" disk="1300" />
	<job id="49" type="medium" submitTime="389" estRunTime="1266" cores="1" memory="600" disk="2000" />
	<job id="50" type="medium" submitTime="407" estRunTime="535" cores="2" memory="2000" disk="1700" />
	<job id="51" type="instant" submitTime="422" estRunTime="22" cores="13" memory="13500" disk="14600" />
	<job id="52" type="medium" submitTime="430" estRunTime="274" cores="1" memory="500" disk="200" />
	<job id="53" type="short" submitTime="438" estRunTime="78" cores="1" memory="200" disk="1800" />
	<job id="54" type="short" submitTime="453" estRunTime="41" cores="1" memory="200" disk="1200" />
	<job id="55" type="short" submitTime="483" estRunTime="293" cores="1" memory="200" disk="100" />
	<job id="56" type="medium" submitTime="499" estRunTime="31" cores="1" memory="400" disk="900" />
	<job id="57" type="perminent" submitTime="520" estRunTime="384662" cores="7" memory="3300" disk="13300" />
	<job id="58" type="medium" submitTime="542" estRunTime="262" cores="1" memory="100" disk="900" />
	<job id="59" type="short" submitTime="569" estRunTime="101" cores="1" memory="100" disk="1000" />
	<job id="60" type="short" submitTime="571" estRunTime="49" cores="1" memory="700" disk="500" />
	<job id="61" type="medium" submitTime="620" estRunTime="399" cores="2" memory="2000" disk="1900" />
	<job id="62" type="medium" submitTime="684" estRunTime="1224" cores="1" memory="700" disk="200" />
	<job id="63" type="short" submitTime="698" estRunTime="54" cores="1" memory="900" disk="1700" />
	<job id="64" type="long" submitTime="748" estRunTime="30224" cores="6" memory="4800" disk="1200" />
	<job id="65" type="medium" submitTime="813" estRunTime="528" cores="1" memory="400" disk="400" />
	<job id="66" type="short" submitTime="857" estRunTime="40" cores="2" memory="1500" disk="3100" />
	<job id="67" type="long" submitTime="938" estRunTime="23871" cores="6" memory="3000" disk="6600" />
	<job id="68" type="short" submitTime="974" estRunTime="242" cores="1" memory="300" disk="700" />
	<job id="69" type="long" submitTime="997" estRunTime="2915" cores="1" memory="300" disk="400" />
	<job id="70" type="long" submitTime="1029" estRunTime="24324" cores="14" memory="20000" disk="18900" />
	<job id="71" type="short" submitTime="1135" estRunTime="57" cores="1" memory="900" disk="800" />
	<job id="72" type="short" submitTime="1165" estRunTime="19" cores="8" memory="7700" disk="8800" />
	<job id="73" type="medium" submitTime="1175" estRunTime="289" cores="10" memory="19000" disk="35000" />
	<job id="74" type="medium" submitTime="1242" estRunTime="1531" cores="1" memory="100" disk="200" />
	<job id="75" type="short" submitTime="1290" estRunTime="45" cores="1" memory="200" disk="400" />
	<job id="76" type="medium" submitTime="1369" estRunTime="603" cores="5" memory="2900" disk="6900" />
	<job id="77" type="short" submitTime="1407" estRunTime="53" cores="4" memory="2100" disk="5800" />
	<job id="78" type="long" submitTime="1466" estRunTime="8214" cores="1" memory="500" disk="1300" />
	<job id="79" type="short" submitTime="1528" estRunTime="73" cores="11" memory="14900" disk="41200" />
	<job id="80" type="short" submitTime="1564" estRunTime="64" cores="13" memory="15600" disk="19900" />
	<job id="81" type="short" submitTime="1583" estRunTime="42" cores="1" memory="800" disk="700" />
	<job id="82" type="medium" submitTime="1648" estRunTime="845" cores="1" memory="800" disk="1500" />
	<job id="83" type="short" submitTime="1689" estRunTime="60" cores="8" memory="3400" disk="9200" />
	<job id="84" type="short" submitTime="1705" estRunTime="76" cores="13" memory="13800" disk="42900" />
	<job id="85" type="short" submitTime="1747" estRunTime="302" cores="12" memory="24800" disk="9500" />
	<job id="86" type="short" submitTime="1793" estRunTime="54" cores="13" memory="19000" disk="30200" />
	<job id="87" type="short" submitTime="1799" estRunTime="10" cores="2" memory="200" disk="2900" />
	<job id="88" type="short" submitTime="1831" estRunTime="9" cores="5" memory="600" disk="9100" />
	<job id="89" type="long" submitTime="1853" estRunTime="9789" cores="10" memory="5400" disk="7600" />
	<job id="90" type="medium" submitTime="1861" estRunTime="1107" cores="9" memory="1200" disk="11500" />
	<job id="91" type="medium" submitTime="1885" estRunTime="837" cores="6" memory="6400" disk="7500" />
	<job id="92" type="medium" submitTime="1903" estRunTime="1353" cores="9" memory="4100" disk="15500" />
	<job id="93" type="short" submitTime="1907" estRunTime="159" cores="1" memory="1000" disk="800" />
	<job id="94" type="short" submitTime="1922" estRunTime="17" cores="16" memory="22600" disk="53900" />
	<job id="95" type="short" submitTime="1925" estRunTime="350" cores="8" memory="2800" disk="800" />
	<job id="96" type="medium" submitTime="1933" estRunTime="379" cores="2" memory="1500" disk="2200" />
	<job id="97" type="medium" submitTime="1941" estRunTime="744" cores="14" memory="3500" disk="55100" />
	<job id="98" type="medium" submitTime="1944" estRunTime="347" cores="1" memory="900" disk="500" />
	<job id="99" type="short" submitTime="1949" estRunTime="83" cores="7" memory="4900" disk="5300" />
	<job id="100" type="medium" submitTime="1950" estRunTime="943" cores="12" memory="21500" disk="39000" />
	<job id="101" type="medium" submitTime="1952" estRunTime="605" cores="3" memory="2200" disk="2100" />
	<job id="102" type="short" submitTime="1957" estRunTime="16" cores="7" memory="5000" disk="1200" />
	<job id="103" type="medium" submitTime="1958" estRunTime="683" cores="11" memory="13200" disk="25700" />
	<job id="104" type="medium" submitTime="1959" estRunTime="938" cores="12" memory="12000" disk="7200" />
	<job id="105" type="medium" submitTime="1962" estRunTime="1164" cores="6" memory="5300" disk="10900" />
	<job id="106" type="long" submitTime="1964" estRunTime="12003" cores="6" memory="4400" disk="7600" />
	<job id="107" type="short" submitTime="1973" estRunTime="8" cores="2" memory="2000" disk="3700" />
	<job id="108" type="perminent" submitTime="1975" estRunTime="7355" cores="1" memory="1000" disk="1600" />
	<job id="109" type="medium" submitTime="1976" estRunTime="297" cores="1" memory="1000" disk="1800" />
	<job id="110" type="medium" submitTime="1992" estRunTime="890" cores="1" memory="100" disk="1800" />
	<job id="111" type="short" submitTime="2019" estRunTime="43" cores="1" memory="300" disk="1100" />
	<job id="112" type="short" submitTime="2053" estRunTime="207" cores="1" memory="100" disk="1400" />
	<job id="113" type="instant" submitTime="2061" estRunTime="3" cores="2" memory="1500" disk="3100" />
	<job id="114" type="medium" submitTime="2068" estRunTime="755" cores="1" memory="1000" disk="1300" />
	<job id="115" type="medium" submitTime="2108" estRunTime="12" cores="2" memory="1000" disk="2900" />
	<job id="116" type="medium" submitTime="2140" estRunTime="337" cores="1" memory="700" disk="400" />
	<job id="117" type="medium" submitTime="2178" estRunTime="316" cores="1" memory="700" disk="200" />
	<job id="118" type="short" submitTime="2179" estRunTime="236" cores="2" memory="1900" disk="4000" />
	<job id="119" type="long" submitTime="2220" estRunTime="48025" cores="16" memory="11000" disk="30800" />
	<job id="120" type="medium" submitTime="2229" estRunTime="621" cores="1" memory="200" disk="900" />
	<job id="121" type="medium" submitTime="2273" estRunTime="667" cores="1" memory="600" disk="1100" />
	<job id="122" type="short" submitTime="2329" estRunTime="7" cores="1" memory="200" disk="1900" />
	<job id="123" type="short" submitTime="2342" estRunTime="16" cores="1" memory="800" disk="400" />
	<job id="124" type="instant" submitTime="2413" estRunTime="54" cores="1" memory="700" disk="1800" />
	<job id="125" type="long" submitTime="2451" estRunTime="34452" cores="12" memory="11800" disk="10100" />
	<job id="126" type="medium" submitTime="2532" estRunTime="680" cores="1" memory="400" disk="600" />
	<job id="127" type="short" submitTime="2602" estRunTime="15" cores="2" memory="1400" disk="400" />
	<job id="128" type="perminent" submitTime="2707" estRunTime="418919" cores="9" memory="3300" disk="17000" />
	<job id="129" type="short" submitTime="2742" estRunTime="75" cores="1" memory="600" disk="600" />
	<job id="130" type="short" submitTime="2819" estRunTime="40" cores="1" memory="800" disk="1000" />
	<job id="131" type="long" submitTime="2928" estRunTime="69916" cores="1" memory="900" disk="1500" />
	<job id="132" type="short" submitTime="3036" estRunTime="6" cores="1" memory="200" disk="700" />
	<job id="133" type="long" submitTime="3129" estRunTime="20108" cores="5" memory="3100" disk="9700" />
	<job id="134" type="short" submitTime="3143" estRunTime="26" cores="1" memory="200" disk="1000" />
	<job id="135" type="short" submitTime="3148" estRunTime="52" cores="1" memory="800" disk="1300" />
	<job id="136" type="instant" submitTime="3182" estRunTime="13" cores="1" memory="700" disk="800" />
	<job id="137" type="medium" submitTime="3328" estRunTime="983" cores="2" memory="2100" disk="1700" />
	<job id="138" type="medium" submitTime="3335" estRunTime="550" cores="2" memory="1000" disk="2700" />
	<job id="139" type="medium" submitTime="3343" estRunTime="1644" cores="2" memory="1000" disk="1300" />
	<job id="140" type="perminent" submitTime="3490" estRunTime="389807" cores="1" memory="200" disk="200" />
	<job id="141" type="short" submitTime="3574" estRunTime="45" cores="1" memory="1000" disk="500" />
	<job id="142" type="medium" submitTime="3625" estRunTime="150" cores="2" memory="2100" disk="2500" />
	<job id="143" type="short" submitTime="3788" estRunTime="96" cores="1" memory="300" disk="700" />
	<job id="144" type="instant" submitTime="3804" estRunTime="39" cores="1" memory="900" disk="1500" />
	<job id="145" type="long" submitTime="3863" estRunTime="6217" cores="10" memory="7100" disk="29600" />
	<job id="146" type="medium" submitTime="3962" estRunTime="461" cores="2" memory="2000" disk="3600" />
	<job id="147" type="short" submitTime="4010" estRunTime="50" cores="1" memory="700" disk="600" />
	<job id="148" type="short" submitTime="4203" estRunTime="146" cores="1" memory="600" disk="1000" />
	<job id="149" type="medium" submitTime="4361" estRunTime="255" cores="2" memory="1200" disk="900" />
	<job id="150" type="instant" submitTime="4450" estRunTime="7" cores="1" memory="800" disk="1700" />
	<job id="151" type="instant" submitTime="4498" estRunTime="24" cores="1" memory="200" disk="1900" />
	<job id="152" type="short" submitTime="4653" estRunTime="15" cores="1" memory="400" disk="400" />
	<job id="153" type="medium" submitTime="4795" estRunTime="669" cores="1" memory="800" disk="700" />
	<job id="154" type="long" submitTime="4951" estRunTime="1180" cores="1" memory="400" disk="1500" />
	<job id="155" type="medium" submitTime="5106" estRunTime="272" cores="2" memory="700" disk="500" />
	<job id="156" type="instant" submitTime="5130" estRunTime="41" cores="1" memory="400" disk="200" />
	<job id="157" type="medium" submitTime="5179" estRunTime="781" cores="1" memory="200" disk="1400" />
	<job id="158" type="short" submitTime="5314" estRunTime="29" cores="1" memory="100" disk="1900" />
	<job id="159" type="short" submitTime="5572" estRunTime="256" cores="2" memory="1200" disk="2600" />
	<job id="160" type="medium" submitTime="5668" estRunTime="399" cores="2" memory="200" disk="2600" />
	<job id="161" type="short" submitTime="5749" estRunTime="11" cores="1" memory="700" disk="900" />
	<job id="162" type="long" submitTime="5906" estRunTime="39971" cores="10" memory="5400" disk="11000" />
	<job id="163" type="medium" submitTime="6137" estRunTime="974" cores="2" memory="1800" disk="2900" />
	<job id="164" type="medium" submitTime="6392" estRunTime="302" cores="2" memory="2000" disk="400" />
	<job id="165" type="instant" submitTime="6434" estRunTime="4" cores="1" memory="300" disk="700" />
	<job id="166" type="medium" submitTime="6550" estRunTime="620" cores="1" memory="600" disk="100" />
	<job id="167" type="medium" submitTime="6685" estRunTime="555" cores="1" memory="800" disk="1000" />
	<job id="168" type="short" submitTime="6752" estRunTime="96" cores="1" memory="900" disk="700" />
	<job id="169" type="instant" submitTime="6779" estRunTime="11" cores="1" memory="900" disk="200" />
	<job id="170" type="short" submitTime="7030" estRunTime="19" cores="1" memory="600" disk="1800" />
	<job id="171" type="medium" submitTime="7141" estRunTime="257" cores="1" memory="700" disk="1800" />
	<job id="172" type="short" submitTime="7452" estRunTime="9" cores="1" memory="700" disk="1600" />
	<job id="173" type="short" submitTime="7734" estRunTime="273" cores="1" memory="900" disk="1300" />
	<job id="174" type="short" submitTime="8000" estRunTime="293" cores="1" memory="200" disk="1000" />
	<job id="175" type="short" submitTime="8075" estRunTime="12" cores="1" memory="400" disk="2000" />
	<job id="176" type="short" submitTime="8224" estRunTime="120" cores="2" memory="1400" disk="2600" />
	<job id="177" type="long" submitTime="8448" estRunTime="46931" cores="1" memory="400" disk="1900" />
	<job id="178" type="short" submitTime="8620" estRunTime="93" cores="1" memory="500" disk="1800" />
	<job id="179" type="long" submitTime="8831" estRunTime="878" cores="6" memory="5800" disk="6700" />
	<job id="180" type="short" submitTime="8837" estRunTime="31" cores="2" memory="1700" disk="1200" />
	<job id="181" type="medium" submitTime="8913" estRunTime="894" cores="2" memory="2100" disk="3100" />
	<job id="182" type="medium" submitTime="9070" estRunTime="883" cores="1" memory="800" disk="400" />
	<job id="183" type="short" submitTime="9215" estRunTime="32" cores="1" memory="100" disk="300" />
	<job id="184" type="short" submitTime="9454" estRunTime="43" cores="1" memory="400" disk="2000" />
	<job id="185" type="short" submitTime="9563" estRunTime="86" cores="1" memory="600" disk="1300" />
	<job id="186" type="long" submitTime="9805" estRunTime="9354" cores="12" memory="24800" disk="38900" />
	<job id="187" type="medium" submitTime="10113" estRunTime="550" cores="1" memory="300" disk="300" />
	<job id="188" type="medium" submitTime="10155" estRunTime="33" cores="1" memory="800" disk="1400" />
	<job id="189" type="instant" submitTime="10236" estRunTime="1" cores="1" memory="1000" disk="1600" />
	<job id="190" type="short" submitTime="10362" estRunTime="51" cores="1" memory="400" disk="700" />
	<job id="191" type="short" submitTime="10731" estRunTime="45" cores="2" memory="1100" disk="2100" />
	<job id="192" type="medium" submitTime="10847" estRunTime="1372" cores="1" memory="900" disk="900" />
	<job id="193" type="short" submitTime="10914" estRunTime="88" cores="2" memory="1200" disk="1900" />
	<job id="194" type="long" submitTime="11282" estRunTime="66802" cores="14" memory="19700" disk="48400" />
	<job id="195" type="long" submitTime="11604" estRunTime="11255" cores="16" memory="18200" disk="50000" />
	<job id="196" type="medium" submitTime="11940" estRunTime="682" cores="1" memory="600" disk="900" />
	<job id="197" type="short" submitTime="12160" estRunTime="84" cores="1" memory="800" disk="200" />
	<job id="198" type="perminent" submitTime="12185" estRunTime="87516" cores="14" memory="10200" disk="25900" />
	<job id="199" type="short" submitTime="12370" estRunTime="16" cores="2" memory="1400" disk="900" />
	<job id="200" type="instant" submitTime="12762" estRunTime="8" cores="2" memory="1400" disk="1700" />
	<job id="201" type="instant" submitTime="12988" estRunTime="1" cores="1" memory="800" disk="600" />
	<job id="202" type="short" submitTime="13212" estRunTime="54" cores="2" memory="2000" disk="3100" />
	<job id="203" type="short" submitTime="13637" estRunTime="36" cores="1" memory="700" disk="1000" />
	<job id="204" type="short" submitTime="13739" estRunTime="54" cores="1" memory="300" disk="1000" />
	<job id="205" type="short" submitTime="14114" estRunTime="101" cores="1" memory="200" disk="200" />
	<job id="206" type="medium" submitTime="14570" estRunTime="1286" cores="1" memory="700" disk="700" />
	<job id="207" type="short" submitTime="14788" estRunTime="255" cores="1" memory="1000" disk="500" />
	<job id="208" type="medium" submitTime="15172" estRunTime="594" cores="1" memory="600" disk="100" />
	<job id="209" type="instant" submitTime="15382" estRunTime="8" cores="1" memory="100" disk="300" />
	<job id="210" type="medium" submitTime="15685" estRunTime="140" cores="1" memory="700" disk="1700" />
	<job id="211" type="medium" submitTime="16159" estRunTime="793" cores="1" memory="300" disk="200" />
	<job id="212" type="short" submitTime="16331" estRunTime="14" cores="1" memory="400" disk="500" />
	<job id="213" type="instant" submitTime="16526" estRunTime="10" cores="1" memory="500" disk="400" />
	<job id="214" type="medium" submitTime="16959" estRunTime="562" cores="2" memory="1400" disk="500" />
	<job id="215" type="short" submitTime="17260" estRunTime="186" cores="1" memory="500" disk="1000" />
	<job id="216" type="long" submitTime="17454" estRunTime="32311" cores="11" memory="2500" disk="13100" />
	<job id="217" type="medium" submitTime="17642" estRunTime="498" cores="1" memory="900" disk="400" />
	<job id="218" type="medium" submitTime="17839" estRunTime="553" cores="1" memory="900" disk="1400" />
	<job id="219" type="long" submitTime="18323" estRunTime="28654" cores="7" memory="7500" disk="2000" />
	<job id="220" type="long" submitTime="18579" estRunTime="19275" cores="1" memory="800" disk="1700" />
	<job id="221" type="medium" submitTime="18763" estRunTime="224" cores="2" memory="1600" disk="2700" />
	<job id="222" type="long" submitTime="19191" estRunTime="388" cores="10" memory="12100" disk="24400" />
	<job id="223" type="long" submitTime="19675" estRunTime="5826" cores="1" memory="600" disk="2000" />
	<job id="224" type="short" submitTime="19762" estRunTime="159" cores="1" memory="700" disk="300" />
	<job id="225" type="medium" submitTime="19964" estRunTime="398" cores="1" memory="500" disk="1400" />
	<job id="226" type="short" submitTime="20416" estRunTime="122" cores="1" memory="300" disk="1700" />
	<job id="227" type="short" submitTime="20603" estRunTime="20" cores="1" memory="900" disk="600" />
	<job id="228" type="medium" submitTime="20961" estRunTime="1512" cores="1" memory="900" disk="1800" />
	<job id="229" type="short" submitTime="21534" estRunTime="68" cores="1" memory="200" disk="200" />
	<job id="230" type="short" submitTime="22091" estRunTime="166" cores="1" memory="1000" disk="1000" />
	<job id="231" type="medium" submitTime="22401" estRunTime="1295" cores="1" memory="600" disk="100" />
	<job id="232" type="short" submitTime="22637" estRunTime="44" cores="2" memory="1000" disk="500" />
	<job id="233" type="long" submitTime="22640" estRunTime="6653" cores="7" memory="1300" disk="2700" />
	<job id="234" type="medium" submitTime="22777" estRunTime="378" cores="1" memory="1000" disk="300" />
	<job id="235" type="short" submitTime="22880" estRunTime="167" cores="2" memory="2000" disk="2600" />
	<job id="236" type="short" submitTime="23384" estRunTime="34" cores="2" memory="1100" disk="3500" />
	<job id="237" type="instant" submitTime="23812" estRunTime="3" cores="1" memory="600" disk="1100" />
	<job id="238" type="long" submitTime="24207" estRunTime="17488" cores="16" memory="6200" disk="50600" />
	<job id="239" type="long" submitTime="24400" estRunTime="65207" cores="1" memory="300" disk="100" />
	<job id="240" type="instant" submitTime="24728" estRunTime="3" cores="1" memory="500" disk="1600" />
	<job id="241" type="short" submitTime="25170" estRunTime="240" cores="1" memory="500" disk="100" />
	<job id="242" type="long" submitTime="25802" estRunTime="9099" cores="2" memory="2100" disk="1200" />
	<job id="243" type="medium" submitTime="25830" estRunTime="752" cores="1" memory="700" disk="800" />
	<job id="244" type="short" submitTime="26137" estRunTime="96" cores="1" memory="600" disk="200" />
	<job id="245" type="short" submitTime="26523" estRunTime="13" cores="1" memory="800" disk="1400" />
	<job id="246" type="short" submitTime="27143" estRunTime="43" cores="1" memory="1000" disk="200" />
	<job id="247" type="medium" submitTime="27513" estRunTime="721" cores="1" memory="400" disk="700" />
	<job id="248" type="medium" submitTime="27774" estRunTime="74" cores="2" memory="1300" disk="700" />
	<job id="249" type="short" submitTime="28242" estRunTime="42" cores="2" memory="1200" disk="1200" />
	<job id="250" type="instant" submitTime="28247" estRunTime="30" cores="1" memory="200" disk="2000" />
	<job id="251" type="medium" submitTime="28924" estRunTime="660" cores="1" memory="200" disk="1400" />
	<job id="252" type="short" submitTime="29532" estRunTime="301" cores="1" memory="1000" disk="500" />
	<job id="253" type="short" submitTime="29699" estRunTime="325" cores="1" memory="500" disk="1900" />
	<job id="254" type="short" submitTime="29702" estRunTime="135" cores="2" memory="1800" disk="1400" />
	<job id="255" type="instant" submitTime="30375" estRunTime="20" cores="1" memory="300" disk="100" />
	<job id="256" type="instant" submitTime="30592" estRunTime="1" cores="1" memory="200" disk="1600" />
	<job id="257" type="short" submitTime="31157" estRunTime="180" cores="1" memory="300" disk="1500" />
	<job id="258" type="perminent" submitTime="31330" estRunTime="1762916" cores="8" memory="8700" disk="16400" />
	<job id="259" type="short" submitTime="31659" estRunTime="74" cores="2" memory="1900" disk="1400" />
	<job id="260" type="short" submitTime="31745" estRunTime="8" cores="1" memory="700" disk="1600" />
	<job id="261" type="instant" submitTime="32368" estRunTime="6" cores="2" memory="1700" disk="400" />
	<job id="262" type="long" submitTime="33125" estRunTime="8899" cores="10" memory="10900" disk="8500" />
	<job id="263" type="medium" submitTime="33136" estRunTime="538" cores="1" memory="400" disk="1000" />
	<job id="264" type="medium" submitTime="33446" estRunTime="80" cores="1" memory="700" disk="1400" />
	<job id="265" type="short" submitTime="33709" estRunTime="99" cores="2" memory="2000" disk="900" />
	<job id="266" type="instant" submitTime="34115" estRunTime="7" cores="1" memory="500" disk="700" />
	<job id="267" type="short" submitTime="34257" estRunTime="20" cores="1" memory="500" disk="1900" />
	<job id="268" type="medium" submitTime="34855" estRunTime="354" cores="1" memory="700" disk="1300" />
	<job id="269" type="short" submitTime="35018" estRunTime="16" cores="1" memory="300" disk="1800" />
	<job id="270" type="medium" submitTime="35441" estRunTime="104" cores="2" memory="400" disk="1300" />
	<job id="271" type="long" submitTime="35791" estRunTime="64118" cores="1" memory="800" disk="1200" />
	<job id="272" type="short" submitTime="36449" estRunTime="27" cores="1" memory="700" disk="200" />
	<job id="273" type="short" submitTime="37248" estRunTime="14" cores="1" memory="800" disk="600" />
	<job id="274" type="short" submitTime="37597" estRunTime="159" cores="1" memory="100" disk="1700" />
	<job id="275" type="medium" submitTime="38313" estRunTime="1073" cores="2" memory="900" disk="900" />
	<job id="276" type="medium" submitTime="38790" estRunTime="814" cores="1" memory="600" disk="1200" />
	<job id="277" type="long" submitTime="39628" estRunTime="49920" cores="1" memory="700" disk="900" />
	<job id="278" type="instant" submitTime="40228" estRunTime="8" cores="2" memory="1700" disk="3000" />
	<job id="279" type="instant" submitTime="40893" estRunTime="3" cores="1" memory="700" disk="700" />
	<job id="280" type="long" submitTime="41596" estRunTime="13091" cores="2" memory="1300" disk="3300" />
	<job id="281" type="instant" submitTime="42167" estRunTime="4" cores="1" memory="100" disk="2000" />
	<job id="282" type="perminent" submitTime="42360" estRunTime="1382406" cores="1" memory="700" disk="1600" />
	<job id="283" type="short" submitTime="43204" estRunTime="50" cores="1" memory="600" disk="300" />
	<job id="284" type="short" submitTime="43400" estRunTime="22" cores="2" memory="400" disk="2100" />
	<job id="285" type="medium" submitTime="43881" estRunTime="981" cores="1" memory="400" disk="800" />
	<job id="286" type="instant" submitTime="44611" estRunTime="45" cores="1" memory="100" disk="900" />
	<job id="287" type="instant" submitTime="44704" estRunTime="12" cores="1" memory="200" disk="1900" />
	<job id="288" type="medium" submitTime="45278" estRunTime="648" cores="1" memory="600" disk="700" />
	<job id="289" type="short" submitTime="45610" estRunTime="21" cores="1" memory="300" disk="200" />
	<job id="290" type="medium" submitTime="46153" estRunTime="859" cores="1" memory="700" disk="1600" />
	<job id="291" type="short" submitTime="46842" estRunTime="83" cores="1" memory="800" disk="1900" />
	<job id="292" type="short" submitTime="47704" estRunTime="34" cores="1" memory="900" disk="700" />
	<job id="293" type="medium" submitTime="48489" estRunTime="497" cores="1" memory="700" disk="1900" />
	<job id="294" type="short" submitTime="48538" estRunTime="307" cores="1" memory="800" disk="800" />
	<job id="295" type="medium" submitTime="49179" estRunTime="861" cores="1" memory="200" disk="600" />
	<job id="296" type="medium" submitTime="49632" estRunTime="74" cores="1" memory="600" disk="700" />
	<job id="297" type="short" submitTime="49798" estRunTime="21" cores="2" memory="1200" disk="200" />
	<job id="298" type="instant" submitTime="50606" estRunTime="36" cores="1" memory="1000" disk="900" />
	<job id="299" type="short" submitTime="51367" estRunTime="4" cores="1" memory="700" disk="1400" />
	<job id="300" type="long" submitTime="51462" estRunTime="10817" cores="4" memory="1300" disk="2600" />
	<job id="301" type="short" submitTime="52366" estRunTime="89" cores="14" memory="5600" disk="35400" />
	<job id="302" type="medium" submitTime="53036" estRunTime="1434" cores="11" memory="10700" disk="28500" />
	<job id="303" type="medium" submitTime="53543" estRunTime="549" cores="2" memory="2100" disk="1000" />
	<job id="304" type="medium" submitTime="53902" estRunTime="891" cores="10" memory="10500" disk="36600" />
	<job id="305" type="medium" submitTime="54713" estRunTime="391" cores="7" memory="1200" disk="12900" />
	<job id="306" type="instant" submitTime="55294" estRunTime="1" cores="2" memory="1400" disk="400" />
	<job id="307" type="short" submitTime="55410" estRunTime="212" cores="5" memory="3500" disk="9600" />
	<job id="308" type="long" submitTime="55922" estRunTime="3797" cores="15" memory="6400" disk="33200" />
	<job id="309" type="instant" submitTime="55946" estRunTime="3" cores="5" memory="1800" disk="5300" />
	<job id="310" type="medium" submitTime="56125" estRunTime="840" cores="1" memory="800" disk="1100" />
	<job id="311" type="medium" submitTime="56516" estRunTime="725" cores="10" memory="17500" disk="16000" />
	<job id="312" type="short" submitTime="56580" estRunTime="14" cores="7" memory="4400" disk="5400" />
	<job id="313" type="short" submitTime="57432" estRunTime="259" cores="7" memory="2900" disk="14000" />
	<job id="314" type="short" submitTime="58260" estRunTime="72" cores="1" memory="1000" disk="2000" />
	<job id="315" type="medium" submitTime="58592" estRunTime="1362" cores="4" memory="400" disk="6700" />
	<job id="316" type="medium" submitTime="58843" estRunTime="23" cores="14" memory="17700" disk="24400" />
	<job id="317" type="medium" submitTime="59386" estRunTime="9" cores="9" memory="1000" disk="17600" />
	<job id="318" type="short" submitTime="59507" estRunTime="25" cores="1" memory="900" disk="1200" />
	<job id="319" type="medium" submitTime="59559" estRunTime="1292" cores="15" memory="7200" disk="43800" />
	<job id="320" type="instant" submitTime="59678" estRunTime="5" cores="14" memory="13500" disk="41500" />
	<job id="321" type="medium" submitTime="59804" estRunTime="188" cores="14" memory="20200" disk="35100" />
	<job id="322" type="medium" submitTime="60198" estRunTime="30" cores="1" memory="600" disk="1900" />
	<job id="323" type="short" submitTime="60621" estRunTime="39" cores="4" memory="3600" disk="3000" />
	<job id="324" type="medium" submitTime="61300" estRunTime="872" cores="13" memory="26900" disk="34400" />
	<job id="325" type="medium" submitTime="62033" estRunTime="579" cores="11" memory="12800" disk="10600" />
	<job id="326" type="instant" submitTime="62153" estRunTime="10" cores="4" memory="800" disk="3600" />
	<job id="327" type="medium" submitTime="62795" estRunTime="381" cores="1" memory="700" disk="1700" />
	<job id="328" type="instant" submitTime="62868" estRunTime="1" cores="16" memory="17500" disk="60700" />
	<job id="329" type="short" submitTime="63259" estRunTime="20" cores="16" memory="26100" disk="4700" />
	<job id="330" type="medium" submitTime="63816" estRunTime="153" cores="8" memory="3200" disk="16400" />
	<job id="331" type="medium" submitTime="63894" estRunTime="226" cores="13" memory="24400" disk="34800" />
	<job id="332" type="long" submitTime="64244" estRunTime="31380" cores="6" memory="2600" disk="5900" />
	<job id="333" type="short" submitTime="64530" estRunTime="43" cores="5" memory="2100" disk="2300" />
	<job id="334" type="short" submitTime="64959" estRunTime="18" cores="10" memory="8400" disk="1100" />
	<job id="335" type="medium" submitTime="65133" estRunTime="237" cores="3" memory="400" disk="2500" />
	<job id="336" type="medium" submitTime="65225" estRunTime="577" cores="14" memory="23600" disk="4000" />
	<job id="337" type="perminent" submitTime="65911" estRunTime="685482" cores="13" memory="27100" disk="3100" />
	<job id="338" type="medium" submitTime="66331" estRunTime="629" cores="15" memory="3700" disk="1700" />
	<job id="339" type="short" submitTime="66544" estRunTime="93" cores="5" memory="2000" disk="6100" />
	<job id="340" type="instant" submitTime="67216" estRunTime="29" cores="9" memory="6100" disk="6100" />
	<job id="341" type="short" submitTime="67292" estRunTime="29" cores="7" memory="1000" disk="5700" />
	<job id="342" type="short" submitTime="67498" estRunTime="25" cores="6" memory="5300" disk="9400" />
	<job id="343" type="medium" submitTime="67676" estRunTime="537" cores="7" memory="6600" disk="12800" />
	<job id="344" type="short" submitTime="68228" estRunTime="106" cores="16" memory="9300" disk="35400" />
	<job id="345" type="instant" submitTime="68819" estRunTime="1" cores="4" memory="1800" disk="5900" />
	<job id="346" type="short" submitTime="69220" estRunTime="5" cores="10" memory="10400" disk="24300" />
	<job id="347" type="short" submitTime="69806" estRunTime="169" cores="6" memory="3300" disk="5600" />
	<job id="348" type="short" submitTime="70258" estRunTime="87" cores="4" memory="3900" disk="600" />
	<job id="349" type="instant" submitTime="70521" estRunTime="35" cores="8" memory="1100" disk="14600" />
	<job id="350" type="instant" submitTime="70553" estRunTime="19" cores="13" memory="4800" disk="50500" />
	<job id="351" type="medium" submitTime="70711" estRunTime="645" cores="1" memory="800" disk="1000" />
	<job id="352" type="medium" submitTime="70984" estRunTime="238" cores="13" memory="19300" disk="20900" />
	<job id="353" type="short" submitTime="71387" estRunTime="27" cores="3" memory="1000" disk="600" />
	<job id="354" type="medium" submitTime="71974" estRunTime="638" cores="4" memory="700" disk="4700" />
	<job id="355" type="short" submitTime="72201" estRunTime="14" cores="15" memory="15500" disk="34800" />
	<job id="356" type="long" submitTime="72806" estRunTime="14494" cores="11" memory="15600" disk="13500" />
	<job id="357" type="short" submitTime="73026" estRunTime="63" cores="1" memory="400" disk="900" />
	<job id="358" type="medium" submitTime="73401" estRunTime="1331" cores="16" memory="13600" disk="58300" />
	<job id="359" type="short" submitTime="73883" estRunTime="146" cores="6" memory="2900" disk="7600" />
	<job id="360" type="instant" submitTime="74273" estRunTime="3" cores="16" memory="21500" disk="55400" />
	<job id="361" type="medium" submitTime="74718" estRunTime="651" cores="16" memory="2700" disk="59300" />
	<job id="362" type="short" submitTime="75236" estRunTime="5" cores="13" memory="7400" disk="48900" />
	<job id="363" type="short" submitTime="75767" estRunTime="98" cores="10" memory="9500" disk="1800" />
	<job id="364" type="instant" submitTime="75903" estRunTime="1" cores="5" memory="3200" disk="2300" />
	<job id="365" type="short" submitTime="76508" estRunTime="35" cores="5" memory="4900" disk="6500" />
	<job id="366" type="short" submitTime="77073" estRunTime="100" cores="1" memory="800" disk="1500" />
	<job id="367" type="medium" submitTime="77623" estRunTime="895" cores="6" memory="4600" disk="4700" />
	<job id="368" type="medium" submitTime="78017" estRunTime="1097" cores="15" memory="3400" disk="17500" />
	<job id="369" type="perminent" submitTime="78119" estRunTime="270648" cores="3" memory="500" disk="700" />
	<job id="370" type="medium" submitTime="78410" estRunTime="920" cores="15" memory="22300" disk="53500" />
	<job id="371" type="medium" submitTime="78926" estRunTime="563" cores="9" memory="2700" disk="14600" />
	<job id="372" type="instant" submitTime="79493" estRunTime="11" cores="16" memory="31500" disk="58100" />
	<job id="373" type="perminent" submitTime="79881" estRunTime="535598" cores="12" memory="6500" disk="36200" />
	<job id="374" type="medium" submitTime="80167" estRunTime="135" cores="1" memory="400" disk="1200" />
	<job id="375" type="medium" submitTime="80701" estRunTime="855" cores="7" memory="6700" disk="6600" />
	<job id="376" type="short" submitTime="80738" estRunTime="242" cores="1" memory="1000" disk="500" />
	<job id="377" type="long" submitTime="80861" estRunTime="12432" cores="14" memory="15900" disk="53600" />
	<job id="378" type="instant" submitTime="80964" estRunTime="20" cores="8" memory="5500" disk="6200" />
	<job id="379" type="short" submitTime="81508" estRunTime="26" cores="6" memory="1500" disk="6500" />
	<job id="380" type="instant" submitTime="82072" estRunTime="46" cores="13" memory="24900" disk="35100" />
	<job id="381" type="instant" submitTime="82594" estRunTime="5" cores="15" memory="22400" disk="51900" />
	<job id="382" type="instant" submitTime="82804" estRunTime="6" cores="7" memory="4200" disk="3000" />
	<job id="383" type="medium" submitTime="83068" estRunTime="166" cores="5" memory="1400" disk="2800" />
	<job id="384" type="medium" submitTime="83552" estRunTime="372" cores="1" memory="800" disk="1800" />
	<job id="385" type="instant" submitTime="83871" estRunTime="7" cores="4" memory="4000" disk="7100" />
	<job id="386" type="medium" submitTime="83895" estRunTime="157" cores="2" memory="600" disk="2200" />
	<job id="387" type="medium" submitTime="84078" estRunTime="267" cores="1" memory="200" disk="900" />
	<job id="388" type="short" submitTime="84395" estRunTime="53" cores="4" memory="3000" disk="4400" />
	<job id="389" type="medium" submitTime="84673" estRunTime="1473" cores="16" memory="30300" disk="2900" />
	<job id="390" type="long" submitTime="84913" estRunTime="48821" cores="10" memory="2600" disk="26300" />
	<job id="391" type="medium" submitTime="85191" estRunTime="879" cores="1" memory="700" disk="500" />
	<job id="392" type="perminent" submitTime="85337" estRunTime="610236" cores="6" memory="3100" disk="8600" />
	<job id="393" type="short" submitTime="85577" estRunTime="3" cores="9" memory="8500" disk="18700" />
	<job id="394" type="medium" submitTime="85700" estRunTime="672" cores="12" memory="7700" disk="24100" />
	<job id="395" type="medium" submitTime="86131" estRunTime="722" cores="6" memory="6200" disk="10500" />
	<job id="396" type="long" submitTime="86623" estRunTime="11885" cores="13" memory="5600" disk="25700" />
	<job id="397" type="short" submitTime="86893" estRunTime="205" cores="11" memory="21800" disk="33800" />
	<job id="398" type="medium" submitTime="87147" estRunTime="68" cores="16" memory="13400" disk="47100" />
	<job id="399" type="medium" submitTime="87465" estRunTime="1059" cores="7" memory="1700" disk="13400" />
	<job id="400" type="perminent" submitTime="87736" estRunTime="138709" cores="1" memory="600" disk="1000" />
	<job id="401" type="instant" submitTime="87822" estRunTime="6" cores="12" memory="14100" disk="6200" />
	<job id="402" type="short" submitTime="87862" estRunTime="258" cores="9" memory="2900" disk="6000" />
	<job id="403" type="medium" submitTime="87941" estRunTime="307" cores="5" memory="4600" disk="7500" />
	<job id="404" type="long" submitTime="88110" estRunTime="67779" cores="12" memory="4800" disk="24600" />
	<job id="405" type="short" submitTime="88306" estRunTime="58" cores="1" memory="100" disk="900" />
	<job id="406" type="short" submitTime="88378" estRunTime="89" cores="5" memory="4900" disk="10000" />
	<job id="407" type="instant" submitTime="88558" estRunTime="2" cores="7" memory="5800" disk="2100" />
	<job id="408" type="medium" submitTime="89008" estRunTime="530" cores="7" memory="2400" disk="4600" />
	<job id="409" type="instant" submitTime="89142" estRunTime="3" cores="13" memory="16000" disk="3300" />
	<job id="410" type="medium" submitTime="89559" estRunTime="641" cores="1" memory="600" disk="300" />
	<job id="411" type="short" submitTime="89820" estRunTime="189" cores="4" memory="3600" disk="500" />
	<job id="412" type="short" submitTime="89976" estRunTime="7" cores="11" memory="19400" disk="9000" />
	<job id="413" type="short" submitTime="90088" estRunTime="11" cores="1" memory="900" disk="1500" />
	<job id="414" type="medium" submitTime="90333" estRunTime="26" cores="12" memory="4800" disk="29800" />
	<job id="415" type="short" submitTime="90648" estRunTime="144" cores="1" memory="1000" disk="900" />
	<job id="416" type="medium" submitTime="90943" estRunTime="144" cores="10" memory="8700" disk="40400" />
	<job id="417" type="short" submitTime="91166" estRunTime="22" cores="2" memory="800" disk="2800" />
	<job id="418" type="long" submitTime="91433" estRunTime="42724" cores="13" memory="4000" disk="43700" />
	<job id="419" type="medium" submitTime="91822" estRunTime="605" cores="3" memory="2700" disk="5500" />
	<job id="420" type="medium" submitTime="92105" estRunTime="883" cores="2" memory="1200" disk="3300" />
	<job id="421" type="medium" submitTime="92329" estRunTime="405" cores="16" memory="9800" disk="47700" />
	<job id="422" type="short" submitTime="92565" estRunTime="140" cores="13" memory="19900" disk="15100" />
	<job id="423" type="short" submitTime="92938" estRunTime="159" cores="15" memory="16900" disk="39800" />
	<job id="424" type="medium" submitTime="93279" estRunTime="421" cores="13" memory="10900" disk="48900" />
	<job id="425" type="instant" submitTime="93494" estRunTime="26" cores="14" memory="27800" disk="43500" />
	<job id="426" type="medium" submitTime="93668" estRunTime="1611" cores="9" memory="6900" disk="4800" />
	<job id="427" type="long" submitTime="93818" estRunTime="53766" cores="10" memory="12900" disk="37300" />
	<job id="428" type="short" submitTime="94007" estRunTime="174" cores="6" memory="4100" disk="3300" />
	<job id="429" type="medium" submitTime="94286" estRunTime="341" cores="14" memory="18600" disk="36800" />
	<job id="430" type="medium" submitTime="94409" estRunTime="447" cores="4" memory="2200" disk="4300" />
	<job id="431" type="medium" submitTime="94710" estRunTime="657" cores="3" memory="3100" disk="3400" />
	<job id="432" type="short" submitTime="94784" estRunTime="71" cores="9" memory="4100" disk="12500" />
	<job id="433" type="medium" submitTime="95015" estRunTime="38" cores="15" memory="3700" disk="44800" />
	<job id="434" type="long" submitTime="95143" estRunTime="8646" cores="3" memory="1100" disk="4100" />
	<job id="435" type="long" submitTime="95364" estRunTime="32723" cores="3" memory="800" disk="5900" />
	<job id="436" type="short" submitTime="95448" estRunTime="89" cores="10" memory="10000" disk="31800" />
	<job id="437" type="short" submitTime="95545" estRunTime="54" cores="1" memory="800" disk="800" />
	<job id="438" type="medium" submitTime="95746" estRunTime="552" cores="11" memory="11200" disk="18100" />
	<job id="439" type="long" submitTime="95756" estRunTime="7931" cores="9" memory="5300" disk="17200" />
	<job id="440" type="medium" submitTime="95828" estRunTime="917" cores="12" memory="11000" disk="30200" />
	<job id="441" type="short" submitTime="95945" estRunTime="22" cores="1" memory="300" disk="1800" />
	<job id="442" type="medium" submitTime="96236" estRunTime="1222" cores="1" memory="700" disk="400" />
	<job id="443" type="medium" submitTime="96358" estRunTime="1381" cores="1" memory="100" disk="1400" />
	<job id="444" type="short" submitTime="96631" estRunTime="23" cores="1" memory="700" disk="1200" />
	<job id="445" type="long" submitTime="96703" estRunTime="34118" cores="1" memory="300" disk="300" />
	<job id="446" type="short" submitTime="96991" estRunTime="56" cores="1" memory="400" disk="1000" />
	<job id="447" type="short" submitTime="97143" estRunTime="47" cores="2" memory="200" disk="500" />
	<job id="448" type="instant" submitTime="97255" estRunTime="39" cores="2" memory="800" disk="900" />
	<job id="449" type="instant" submitTime="97528" estRunTime="20" cores="2" memory="200" disk="3300" />
	<job id="450" type="instant" submitTime="97592" estRunTime="3" cores="1" memory="500" disk="1600" />
	<job id="451" type="long" submitTime="97703" estRunTime="44349" cores="13" memory="6800" disk="41800" />
	<job id="452" type="perminent" submitTime="97735" estRunTime="914558" cores="14" memory="6900" disk="17600" />
	<job id="453" type="medium" submitTime="98091" estRunTime="367" cores="1" memory="600" disk="1000" />
	<job id="454" type="short" submitTime="98423" estRunTime="178" cores="2" memory="700" disk="2300" />
	<job id="455" type="medium" submitTime="98624" estRunTime="449" cores="1" memory="500" disk="1000" />
	<job id="456" type="instant" submitTime="98931" estRunTime="26" cores="2" memory="1000" disk="4000" />
	<job id="457" type="medium" submitTime="99236" estRunTime="445" cores="2" memory="1800" disk="200" />
	<job id="458" type="short" submitTime="99556" estRunTime="223" cores="1" memory="900" disk="400" />
	<job id="459" type="short" submitTime="99757" estRunTime="100" cores="1" memory="800" disk="800" />
	<job id="460" type="short" submitTime="99893" estRunTime="71" cores="1" memory="1000" disk="1100" />
	<job id="461" type="long" submitTime="100114" estRunTime="14214" cores="1" memory="300" disk="1500" />
	<job id="462" type="medium" submitTime="100404" estRunTime="198" cores="1" memory="100" disk="700" />
	<job id="463" type="perminent" submitTime="100743" estRunTime="278058" cores="1" memory="100" disk="1700" />
	<job id="464" type="short" submitTime="101021" estRunTime="231" cores="1" memory="900" disk="1900" />
	<job id="465" type="short" submitTime="101394" estRunTime="5" cores="1" memory="100" disk="1000" />
	<job id="466" type="medium" submitTime="101774" estRunTime="903" cores="2" memory="1900" disk="3100" />
	<job id="467" type="medium" submitTime="102107" estRunTime="262" cores="1" memory="500" disk="800" />
	<job id="468" type="medium" submitTime="102236" estRunTime="439" cores="1" memory="900" disk="700" />
	<job id="469" type="long" submitTime="102464" estRunTime="35118" cores="14" memory="2000" disk="41300" />
	<job id="470" type="medium" submitTime="102804" estRunTime="1483" cores="2" memory="400" disk="400" />
	<job id="471" type="short" submitTime="103031" estRunTime="42" cores="1" memory="100" disk="300" />
	<job id="472" type="short" submitTime="103331" estRunTime="232" cores="1" memory="700" disk="700" />
	<job id="473" type="short" submitTime="103392" estRunTime="225" cores="2" memory="900" disk="800" />
	<job id="474" type="short" submitTime="103837" estRunTime="43" cores="1" memory="1000" disk="1900" />
	<job id="475" type="long" submitTime="104251" estRunTime="23100" cores="2" memory="1000" disk="1600" />
	<job id="476" type="medium" submitTime="104592" estRunTime="834" cores="1" memory="100" disk="100" />
	<job id="477" type="medium" submitTime="105012" estRunTime="271" cores="1" memory="200" disk="1800" />
	<job id="478" type="short" submitTime="105446" estRunTime="64" cores="2" memory="1200" disk="800" />
	<job id="479" type="short" submitTime="105772" estRunTime="153" cores="1" memory="200" disk="1900" />
	<job id="480" type="instant" submitTime="105855" estRunTime="7" cores="2" memory="1600" disk="3700" />
	<job id="481" type="short" submitTime="106006" estRunTime="53" cores="1" memory="500" disk="700" />
	<job id="482" type="short" submitTime="106107" estRunTime="73" cores="1" memory="900" disk="200" />
	<job id="483" type="long" submitTime="106458" estRunTime="8330" cores="9" memory="3000" disk="4700" />
	<job id="484" type="medium" submitTime="106853" estRunTime="174" cores="1" memory="700" disk="200" />
	<job id="485" type="medium" submitTime="107027" estRunTime="887" cores="1" memory="800" disk="1900" />
	<job id="486" type="perminent" submitTime="107326" estRunTime="193085" cores="1" memory="900" disk="1000" />
	<job id="487" type="medium" submitTime="107458" estRunTime="1218" cores="1" memory="800" disk="1300" />
	<job id="488" type="short" submitTime="107579" estRunTime="179" cores="1" memory="400" disk="1900" />
	<job id="489" type="instant" submitTime="107775" estRunTime="1" cores="1" memory="300" disk="1400" />
	<job id="490" type="short" submitTime="107869" estRunTime="97" cores="1" memory="1000" disk="1800" />
	<job id="491" type="long" submitTime="107896" estRunTime="14585" cores="7" memory="3700" disk="8700" />
	<job id="492" type="long" submitTime="108250" estRunTime="22278" cores="16" memory="33500" disk="46400" />
	<job id="493" type="long" submitTime="108546" estRunTime="53223" cores="15" memory="25000" disk="43000" />
	<job id="494" type="long" submitTime="109100" estRunTime="58880" cores="8" memory="900" disk="8100" />
	<job id="495" type="short" submitTime="109355" estRunTime="84" cores="1" memory="300" disk="1700" />
	<job id="496" type="medium" submitTime="109781" estRunTime="896" cores="2" memory="2100" disk="2800" />
	<job id="497" type="short" submitTime="110091" estRunTime="206" cores="1" memory="100" disk="200" />
	<job id="498" type="short" submitTime="110389" estRunTime="14" cores="1" memory="1000" disk="1400" />
	<job id="499" type="perminent" submitTime="110959" estRunTime="19166" cores="7" memory="6900" disk="5500" />
</jobs>
